<?xml version="1.0" encoding="utf-8"?>
<ModMetaData>
  	<name>CAS: Flak Armour</name>
  	<author>pelador</author>
    <supportedVersions>
		<li>1.1</li>
	</supportedVersions>
	<packageId>pelador.casflakarmour</packageId>
  	<description>Flak Armour expansion for Camouflage and Stealth (CAS).</description>
	<modDependencies>
      	<li>
        	<packageId>pelador.camouflageandstealth</packageId>
        	<displayName>Camouflage and Stealth</displayName>
        	<steamWorkshopUrl>steam://url/CommunityFilePage/2019776293</steamWorkshopUrl>
      	</li>
    </modDependencies>
	<loadAfter>
        <li>pelador.camouflageandstealth</li>
    </loadAfter>
</ModMetaData>